{"cameraMode":{"drawMode":0,"name":"Shaded","section":"Shading Mode"},"sceneLighting":false,"audioPlay":false,"sceneViewState":{"m_AlwaysRefresh":false,"showFog":false,"showSkybox":false,"showFlares":false,"showImageEffects":false,"showParticleSystems":false,"showVisualEffectGraphs":true,"m_FxEnabled":true},"in2DMode":false,"pivot":{"x":0.5980671644210815,"y":-0.40270841121673586,"z":-1.5238854885101319},"rotation":{"x":0.001887311926111579,"y":0.9049698114395142,"z":-0.42549073696136477,"w":0.004070325754582882},"size":1.3686131238937379,"orthographic":false}